[{
  "_id": {
    "$oid": "60994c3d65c84c4bf432fc1a"
  },
  "name": "Adventure Tours Inc.",
  "location": "New York"
},
{
  "_id": {
    "$oid": "663236e62b9d0a4a55d315eb"
  },
  "name": "Company 2",
  "location": "New York"
},
{
  "_id": {
    "$oid": "663236e62b9d0a4a55d315ef"
  },
  "name": "Company 3",
  "location": "New York"
},
{
  "_id": {
    "$oid": "663236e62b9d0a4a55d315f3"
  },
  "name": "Company 4",
  "location": "New York"
},
{
  "_id": {
    "$oid": "663236e62b9d0a4a55d315f7"
  },
  "name": "Company 5",
  "location": "New York"
},
{
  "_id": {
    "$oid": "663236e62b9d0a4a55d315fb"
  },
  "name": "Company 6",
  "location": "New York"
},
{
  "_id": {
    "$oid": "663236e62b9d0a4a55d315ff"
  },
  "name": "Company 7",
  "location": "New York"
},
{
  "_id": {
    "$oid": "663236e62b9d0a4a55d31603"
  },
  "name": "Company 8",
  "location": "New York"
},
{
  "_id": {
    "$oid": "663236e62b9d0a4a55d31607"
  },
  "name": "Company 9",
  "location": "New York"
},
{
  "_id": {
    "$oid": "663236e62b9d0a4a55d3160b"
  },
  "name": "Company 10",
  "location": "New York"
},
{
  "_id": {
    "$oid": "663236e62b9d0a4a55d3160f"
  },
  "name": "Company 11",
  "location": "New York"
},
{
  "_id": {
    "$oid": "663236e72b9d0a4a55d31613"
  },
  "name": "Company 12",
  "location": "New York"
},
{
  "_id": {
    "$oid": "663236e72b9d0a4a55d31617"
  },
  "name": "Company 13",
  "location": "New York"
},
{
  "_id": {
    "$oid": "663236e72b9d0a4a55d3161b"
  },
  "name": "Company 14",
  "location": "New York"
},
{
  "_id": {
    "$oid": "663236e72b9d0a4a55d3161f"
  },
  "name": "Company 15",
  "location": "New York"
},
{
  "_id": {
    "$oid": "663236e72b9d0a4a55d31623"
  },
  "name": "Company 16",
  "location": "New York"
},
{
  "_id": {
    "$oid": "663236e72b9d0a4a55d31627"
  },
  "name": "Company 17",
  "location": "New York"
},
{
  "_id": {
    "$oid": "663236e72b9d0a4a55d3162b"
  },
  "name": "Company 18",
  "location": "New York"
},
{
  "_id": {
    "$oid": "663236e72b9d0a4a55d3162f"
  },
  "name": "Company 19",
  "location": "New York"
},
{
  "_id": {
    "$oid": "663236e72b9d0a4a55d31633"
  },
  "name": "Company 20",
  "location": "New York"
},
{
  "_id": {
    "$oid": "6636170cbdeb9822f761d465"
  },
  "name": "City Tours Inc.",
  "location": "Chicago"
},
{
  "_id": {
    "$oid": "6636170cbdeb9822f761d466"
  },
  "name": "Cultural Journeys Ltd.",
  "location": "Miami"
},
{
  "_id": {
    "$oid": "6636170cbdeb9822f761d467"
  },
  "name": "Outdoor Adventures Ltd.",
  "location": "Denver"
},
{
  "_id": {
    "$oid": "6636170cbdeb9822f761d468"
  },
  "name": "Wild Adventures Inc.",
  "location": "Portland"
},
{
  "_id": {
    "$oid": "6636170cbdeb9822f761d469"
  },
  "name": "City Explorations Inc.",
  "location": "Toronto"
},
{
  "_id": {
    "$oid": "6636170cbdeb9822f761d46a"
  },
  "name": "Historical Tours Inc.",
  "location": "Boston"
},
{
  "_id": {
    "$oid": "6636170cbdeb9822f761d46b"
  },
  "name": "Adventures Unlimited LLC",
  "location": "Denver"
},
{
  "_id": {
    "$oid": "6636170cbdeb9822f761d46c"
  },
  "name": "Wildlife Adventures Ltd.",
  "location": "Calgary"
},
{
  "_id": {
    "$oid": "6636170cbdeb9822f761d46d"
  },
  "name": "Scenic Tours Ltd.",
  "location": "Auckland"
}]