[{
  "_id": {
    "$oid": "60994c7e65c84c4bf432fc1c"
  },
  "name": "John Doe",
  "email": "john@example.com"
},
{
  "_id": {
    "$oid": "663236e62b9d0a4a55d315ed"
  },
  "name": "Person 2",
  "email": "person2@example.com"
},
{
  "_id": {
    "$oid": "663236e62b9d0a4a55d315f1"
  },
  "name": "Person 3",
  "email": "person3@example.com"
},
{
  "_id": {
    "$oid": "663236e62b9d0a4a55d315f5"
  },
  "name": "Person 4",
  "email": "person4@example.com"
},
{
  "_id": {
    "$oid": "663236e62b9d0a4a55d315f9"
  },
  "name": "Person 5",
  "email": "person5@example.com"
},
{
  "_id": {
    "$oid": "663236e62b9d0a4a55d315fd"
  },
  "name": "Person 6",
  "email": "person6@example.com"
},
{
  "_id": {
    "$oid": "663236e62b9d0a4a55d31601"
  },
  "name": "Person 7",
  "email": "person7@example.com"
},
{
  "_id": {
    "$oid": "663236e62b9d0a4a55d31605"
  },
  "name": "Person 8",
  "email": "person8@example.com"
},
{
  "_id": {
    "$oid": "663236e62b9d0a4a55d31609"
  },
  "name": "Person 9",
  "email": "person9@example.com"
},
{
  "_id": {
    "$oid": "663236e62b9d0a4a55d3160d"
  },
  "name": "Person 10",
  "email": "person10@example.com"
},
{
  "_id": {
    "$oid": "663236e62b9d0a4a55d31611"
  },
  "name": "Person 11",
  "email": "person11@example.com"
},
{
  "_id": {
    "$oid": "663236e72b9d0a4a55d31615"
  },
  "name": "Person 12",
  "email": "person12@example.com"
},
{
  "_id": {
    "$oid": "663236e72b9d0a4a55d31619"
  },
  "name": "Person 13",
  "email": "person13@example.com"
},
{
  "_id": {
    "$oid": "663236e72b9d0a4a55d3161d"
  },
  "name": "Person 14",
  "email": "person14@example.com"
},
{
  "_id": {
    "$oid": "663236e72b9d0a4a55d31621"
  },
  "name": "Person 15",
  "email": "person15@example.com"
},
{
  "_id": {
    "$oid": "663236e72b9d0a4a55d31625"
  },
  "name": "Person 16",
  "email": "person16@example.com"
},
{
  "_id": {
    "$oid": "663236e72b9d0a4a55d31629"
  },
  "name": "Person 17",
  "email": "person17@example.com"
},
{
  "_id": {
    "$oid": "663236e72b9d0a4a55d3162d"
  },
  "name": "Person 18",
  "email": "person18@example.com"
},
{
  "_id": {
    "$oid": "663236e72b9d0a4a55d31631"
  },
  "name": "Person 19",
  "email": "person19@example.com"
},
{
  "_id": {
    "$oid": "663236e72b9d0a4a55d31635"
  },
  "name": "Person 20",
  "email": "person20@example.com"
},
{
  "_id": {
    "$oid": "663617abbdeb9822f761d46f"
  },
  "name": "John Doe",
  "email": "john@example.com"
},
{
  "_id": {
    "$oid": "663617abbdeb9822f761d470"
  },
  "name": "Emily Smith",
  "email": "emily@example.com"
},
{
  "_id": {
    "$oid": "663617abbdeb9822f761d471"
  },
  "name": "Michael Johnson",
  "email": "michael@example.com"
},
{
  "_id": {
    "$oid": "663617abbdeb9822f761d472"
  },
  "name": "Jessica Brown",
  "email": "jessica@example.com"
},
{
  "_id": {
    "$oid": "663617abbdeb9822f761d473"
  },
  "name": "Sophia Taylor",
  "email": "sophia@example.com"
},
{
  "_id": {
    "$oid": "663617abbdeb9822f761d474"
  },
  "name": "Daniel Wilson",
  "email": "daniel@example.com"
},
{
  "_id": {
    "$oid": "663617abbdeb9822f761d475"
  },
  "name": "Ava Brown",
  "email": "ava@example.com"
},
{
  "_id": {
    "$oid": "663617abbdeb9822f761d476"
  },
  "name": "Liam Wilson",
  "email": "liam@example.com"
},
{
  "_id": {
    "$oid": "663617abbdeb9822f761d477"
  },
  "name": "Emma Thompson",
  "email": "emma@example.com"
},
{
  "_id": {
    "$oid": "663617abbdeb9822f761d478"
  },
  "name": "William Davis",
  "email": "william@example.com"
},
{
  "_id": {
    "$oid": "663617abbdeb9822f761d479"
  },
  "name": "Charlotte White",
  "email": "charlotte@example.com"
}]