[{
  "_id": {
    "$oid": "60994c4f65c84c4bf432fc1b"
  },
  "tourId": {
    "$oid": "60994c4f65c84c4bf432fc1b"
  },
  "personId": {
    "$oid": "60994c7e65c84c4bf432fc1c"
  },
  "seats": 2,
  "price": 100,
  "rating": 4
},
{
  "_id": {
    "$oid": "663236e62b9d0a4a55d315ee"
  },
  "tourId": {
    "$oid": "663236e62b9d0a4a55d315ec"
  },
  "personId": {
    "$oid": "663236e62b9d0a4a55d315ed"
  },
  "seats": 2,
  "price": 100,
  "rating": 3
},
{
  "_id": {
    "$oid": "663236e62b9d0a4a55d315f2"
  },
  "tourId": {
    "$oid": "663236e62b9d0a4a55d315f0"
  },
  "personId": {
    "$oid": "663236e62b9d0a4a55d315f1"
  },
  "seats": 2,
  "price": 100,
  "rating": 4
},
{
  "_id": {
    "$oid": "663236e62b9d0a4a55d315f6"
  },
  "tourId": {
    "$oid": "663236e62b9d0a4a55d315f4"
  },
  "personId": {
    "$oid": "663236e62b9d0a4a55d315f5"
  },
  "seats": 2,
  "price": 100,
  "rating": 5
},
{
  "_id": {
    "$oid": "663236e62b9d0a4a55d315fa"
  },
  "tourId": {
    "$oid": "663236e62b9d0a4a55d315f8"
  },
  "personId": {
    "$oid": "663236e62b9d0a4a55d315f9"
  },
  "seats": 2,
  "price": 100,
  "rating": 4
},
{
  "_id": {
    "$oid": "663236e62b9d0a4a55d315fe"
  },
  "tourId": {
    "$oid": "663236e62b9d0a4a55d315fc"
  },
  "personId": {
    "$oid": "663236e62b9d0a4a55d315fd"
  },
  "seats": 2,
  "price": 100,
  "rating": 3
},
{
  "_id": {
    "$oid": "663236e62b9d0a4a55d31602"
  },
  "tourId": {
    "$oid": "663236e62b9d0a4a55d31600"
  },
  "personId": {
    "$oid": "663236e62b9d0a4a55d31601"
  },
  "seats": 2,
  "price": 100,
  "rating": 4
},
{
  "_id": {
    "$oid": "663236e62b9d0a4a55d31606"
  },
  "tourId": {
    "$oid": "663236e62b9d0a4a55d31604"
  },
  "personId": {
    "$oid": "663236e62b9d0a4a55d31605"
  },
  "seats": 2,
  "price": 100,
  "rating": 3
},
{
  "_id": {
    "$oid": "663236e62b9d0a4a55d3160a"
  },
  "tourId": {
    "$oid": "663236e62b9d0a4a55d31608"
  },
  "personId": {
    "$oid": "663236e62b9d0a4a55d31609"
  },
  "seats": 2,
  "price": 100,
  "rating": 3
},
{
  "_id": {
    "$oid": "663236e62b9d0a4a55d3160e"
  },
  "tourId": {
    "$oid": "663236e62b9d0a4a55d3160c"
  },
  "personId": {
    "$oid": "663236e62b9d0a4a55d3160d"
  },
  "seats": 2,
  "price": 100,
  "rating": 3
},
{
  "_id": {
    "$oid": "663236e62b9d0a4a55d31612"
  },
  "tourId": {
    "$oid": "663236e62b9d0a4a55d31610"
  },
  "personId": {
    "$oid": "663236e62b9d0a4a55d31611"
  },
  "seats": 2,
  "price": 100,
  "rating": 5
},
{
  "_id": {
    "$oid": "663236e72b9d0a4a55d31616"
  },
  "tourId": {
    "$oid": "663236e72b9d0a4a55d31614"
  },
  "personId": {
    "$oid": "663236e72b9d0a4a55d31615"
  },
  "seats": 2,
  "price": 100,
  "rating": 4
},
{
  "_id": {
    "$oid": "663236e72b9d0a4a55d3161a"
  },
  "tourId": {
    "$oid": "663236e72b9d0a4a55d31618"
  },
  "personId": {
    "$oid": "663236e72b9d0a4a55d31619"
  },
  "seats": 2,
  "price": 100,
  "rating": 1
},
{
  "_id": {
    "$oid": "663236e72b9d0a4a55d3161e"
  },
  "tourId": {
    "$oid": "663236e72b9d0a4a55d3161c"
  },
  "personId": {
    "$oid": "663236e72b9d0a4a55d3161d"
  },
  "seats": 2,
  "price": 100,
  "rating": 3
},
{
  "_id": {
    "$oid": "663236e72b9d0a4a55d31622"
  },
  "tourId": {
    "$oid": "663236e72b9d0a4a55d31620"
  },
  "personId": {
    "$oid": "663236e72b9d0a4a55d31621"
  },
  "seats": 2,
  "price": 100,
  "rating": 2
},
{
  "_id": {
    "$oid": "663236e72b9d0a4a55d31626"
  },
  "tourId": {
    "$oid": "663236e72b9d0a4a55d31624"
  },
  "personId": {
    "$oid": "663236e72b9d0a4a55d31625"
  },
  "seats": 2,
  "price": 100,
  "rating": 4
},
{
  "_id": {
    "$oid": "663236e72b9d0a4a55d3162a"
  },
  "tourId": {
    "$oid": "663236e72b9d0a4a55d31628"
  },
  "personId": {
    "$oid": "663236e72b9d0a4a55d31629"
  },
  "seats": 2,
  "price": 100,
  "rating": 2
},
{
  "_id": {
    "$oid": "663236e72b9d0a4a55d3162e"
  },
  "tourId": {
    "$oid": "663236e72b9d0a4a55d3162c"
  },
  "personId": {
    "$oid": "663236e72b9d0a4a55d3162d"
  },
  "seats": 2,
  "price": 100,
  "rating": 2
},
{
  "_id": {
    "$oid": "663236e72b9d0a4a55d31632"
  },
  "tourId": {
    "$oid": "663236e72b9d0a4a55d31630"
  },
  "personId": {
    "$oid": "663236e72b9d0a4a55d31631"
  },
  "seats": 2,
  "price": 100,
  "rating": 1
},
{
  "_id": {
    "$oid": "663236e72b9d0a4a55d31636"
  },
  "tourId": {
    "$oid": "663236e72b9d0a4a55d31634"
  },
  "personId": {
    "$oid": "663236e72b9d0a4a55d31635"
  },
  "seats": 2,
  "price": 100,
  "rating": 5
},
{
  "_id": {
    "$oid": "66362f8cbdeb9822f761d54b"
  },
  "tourId": {
    "$oid": "66361f76bdeb9822f761d494"
  },
  "personId": {
    "$oid": "663617abbdeb9822f761d471"
  },
  "seats": 1,
  "price": 40,
  "rating": 4
},
{
  "_id": {
    "$oid": "66362f8cbdeb9822f761d54c"
  },
  "tourId": {
    "$oid": "66361f76bdeb9822f761d494"
  },
  "personId": {
    "$oid": "663617abbdeb9822f761d471"
  },
  "seats": 1,
  "price": 60,
  "rating": 5
},
{
  "_id": {
    "$oid": "66362f8cbdeb9822f761d54d"
  },
  "tourId": {
    "$oid": "66361f76bdeb9822f761d494"
  },
  "personId": {
    "$oid": "663617abbdeb9822f761d471"
  },
  "seats": 1,
  "price": 50,
  "rating": 4
},
{
  "_id": {
    "$oid": "66362f8cbdeb9822f761d54e"
  },
  "tourId": {
    "$oid": "66361f76bdeb9822f761d49a"
  },
  "personId": {
    "$oid": "663617abbdeb9822f761d471"
  },
  "seats": 3,
  "price": 150,
  "rating": 4
},
{
  "_id": {
    "$oid": "66362f8cbdeb9822f761d54f"
  },
  "tourId": {
    "$oid": "66361f76bdeb9822f761d49a"
  },
  "personId": {
    "$oid": "663617abbdeb9822f761d471"
  },
  "seats": 3,
  "price": 180,
  "rating": 5
},
{
  "_id": {
    "$oid": "66362f8cbdeb9822f761d550"
  },
  "tourId": {
    "$oid": "66361f76bdeb9822f761d49a"
  },
  "personId": {
    "$oid": "663617abbdeb9822f761d471"
  },
  "seats": 3,
  "price": 120,
  "rating": 4
},
{
  "_id": {
    "$oid": "66362f8cbdeb9822f761d551"
  },
  "tourId": {
    "$oid": "66361f76bdeb9822f761d49a"
  },
  "personId": {
    "$oid": "663617abbdeb9822f761d473"
  },
  "seats": 2,
  "price": 90,
  "rating": 5
},
{
  "_id": {
    "$oid": "66362f8cbdeb9822f761d552"
  },
  "tourId": {
    "$oid": "66361f76bdeb9822f761d49a"
  },
  "personId": {
    "$oid": "663617abbdeb9822f761d473"
  },
  "seats": 2,
  "price": 120,
  "rating": 4
},
{
  "_id": {
    "$oid": "66362f8cbdeb9822f761d553"
  },
  "tourId": {
    "$oid": "66361f76bdeb9822f761d49a"
  },
  "personId": {
    "$oid": "663617abbdeb9822f761d473"
  },
  "seats": 2,
  "price": 100,
  "rating": 5
},
{
  "_id": {
    "$oid": "66362f8cbdeb9822f761d554"
  },
  "tourId": {
    "$oid": "66361f76bdeb9822f761d49b"
  },
  "personId": {
    "$oid": "663617abbdeb9822f761d471"
  },
  "seats": 1,
  "price": 50,
  "rating": 4
},
{
  "_id": {
    "$oid": "66362f8cbdeb9822f761d555"
  },
  "tourId": {
    "$oid": "66361f76bdeb9822f761d49b"
  },
  "personId": {
    "$oid": "663617abbdeb9822f761d471"
  },
  "seats": 1,
  "price": 70,
  "rating": 5
},
{
  "_id": {
    "$oid": "66362f8cbdeb9822f761d556"
  },
  "tourId": {
    "$oid": "66361f76bdeb9822f761d49b"
  },
  "personId": {
    "$oid": "663617abbdeb9822f761d471"
  },
  "seats": 1,
  "price": 60,
  "rating": 4
},
{
  "_id": {
    "$oid": "66362f8cbdeb9822f761d557"
  },
  "tourId": {
    "$oid": "66361f76bdeb9822f761d49c"
  },
  "personId": {
    "$oid": "663617abbdeb9822f761d472"
  },
  "seats": 2,
  "price": 90,
  "rating": 5
},
{
  "_id": {
    "$oid": "66362f8cbdeb9822f761d558"
  },
  "tourId": {
    "$oid": "66361f76bdeb9822f761d49c"
  },
  "personId": {
    "$oid": "663617abbdeb9822f761d472"
  },
  "seats": 2,
  "price": 150,
  "rating": 4
},
{
  "_id": {
    "$oid": "66362f8cbdeb9822f761d559"
  },
  "tourId": {
    "$oid": "66361f76bdeb9822f761d49c"
  },
  "personId": {
    "$oid": "663617abbdeb9822f761d472"
  },
  "seats": 2,
  "price": 120,
  "rating": 5
},
{
  "_id": {
    "$oid": "66362f8cbdeb9822f761d55a"
  },
  "tourId": {
    "$oid": "66361f76bdeb9822f761d49d"
  },
  "personId": {
    "$oid": "663617abbdeb9822f761d473"
  },
  "seats": 1,
  "price": 50,
  "rating": 4
},
{
  "_id": {
    "$oid": "66362f8cbdeb9822f761d55b"
  },
  "tourId": {
    "$oid": "66361f76bdeb9822f761d49d"
  },
  "personId": {
    "$oid": "663617abbdeb9822f761d473"
  },
  "seats": 1,
  "price": 70,
  "rating": 5
},
{
  "_id": {
    "$oid": "66362f8cbdeb9822f761d55c"
  },
  "tourId": {
    "$oid": "66361f76bdeb9822f761d49d"
  },
  "personId": {
    "$oid": "663617abbdeb9822f761d473"
  },
  "seats": 1,
  "price": 60,
  "rating": 4
},
{
  "_id": {
    "$oid": "66362f8cbdeb9822f761d55d"
  },
  "tourId": {
    "$oid": "66361f76bdeb9822f761d49e"
  },
  "personId": {
    "$oid": "663617abbdeb9822f761d473"
  },
  "seats": 2,
  "price": 80,
  "rating": 5
},
{
  "_id": {
    "$oid": "66362f8cbdeb9822f761d55e"
  },
  "tourId": {
    "$oid": "66361f76bdeb9822f761d49e"
  },
  "personId": {
    "$oid": "663617abbdeb9822f761d473"
  },
  "seats": 2,
  "price": 70,
  "rating": 4
},
{
  "_id": {
    "$oid": "66362f8cbdeb9822f761d55f"
  },
  "tourId": {
    "$oid": "66361f76bdeb9822f761d49e"
  },
  "personId": {
    "$oid": "663617abbdeb9822f761d473"
  },
  "seats": 2,
  "price": 90,
  "rating": 5
},
{
  "_id": {
    "$oid": "66362f8cbdeb9822f761d560"
  },
  "tourId": {
    "$oid": "66361f76bdeb9822f761d49f"
  },
  "personId": {
    "$oid": "663617abbdeb9822f761d474"
  },
  "seats": 2,
  "price": 160,
  "rating": 4
},
{
  "_id": {
    "$oid": "66362f8cbdeb9822f761d561"
  },
  "tourId": {
    "$oid": "66361f76bdeb9822f761d49f"
  },
  "personId": {
    "$oid": "663617abbdeb9822f761d474"
  },
  "seats": 2,
  "price": 200,
  "rating": 5
},
{
  "_id": {
    "$oid": "66362f8cbdeb9822f761d562"
  },
  "tourId": {
    "$oid": "66361f76bdeb9822f761d49f"
  },
  "personId": {
    "$oid": "663617abbdeb9822f761d474"
  },
  "seats": 2,
  "price": 120,
  "rating": 4
},
{
  "_id": {
    "$oid": "66362f8cbdeb9822f761d563"
  },
  "tourId": {
    "$oid": "66361f76bdeb9822f761d4a0"
  },
  "personId": {
    "$oid": "663617abbdeb9822f761d475"
  },
  "seats": 3,
  "price": 180,
  "rating": 5
},
{
  "_id": {
    "$oid": "66362f8cbdeb9822f761d564"
  },
  "tourId": {
    "$oid": "66361f76bdeb9822f761d4a0"
  },
  "personId": {
    "$oid": "663617abbdeb9822f761d475"
  },
  "seats": 3,
  "price": 250,
  "rating": 4
},
{
  "_id": {
    "$oid": "66362f8cbdeb9822f761d565"
  },
  "tourId": {
    "$oid": "66361f76bdeb9822f761d4a0"
  },
  "personId": {
    "$oid": "663617abbdeb9822f761d475"
  },
  "seats": 3,
  "price": 300,
  "rating": 5
},
{
  "_id": {
    "$oid": "66362f8cbdeb9822f761d566"
  },
  "tourId": {
    "$oid": "66361f76bdeb9822f761d4a1"
  },
  "personId": {
    "$oid": "663617abbdeb9822f761d476"
  },
  "seats": 2,
  "price": 150,
  "rating": 4
},
{
  "_id": {
    "$oid": "66362f8cbdeb9822f761d567"
  },
  "tourId": {
    "$oid": "66361f76bdeb9822f761d4a1"
  },
  "personId": {
    "$oid": "663617abbdeb9822f761d476"
  },
  "seats": 2,
  "price": 100,
  "rating": 5
},
{
  "_id": {
    "$oid": "66362f8cbdeb9822f761d568"
  },
  "tourId": {
    "$oid": "66361f76bdeb9822f761d4a1"
  },
  "personId": {
    "$oid": "663617abbdeb9822f761d476"
  },
  "seats": 2,
  "price": 120,
  "rating": 4
},
{
  "_id": {
    "$oid": "66362f8cbdeb9822f761d569"
  },
  "tourId": {
    "$oid": "66361f76bdeb9822f761d4a2"
  },
  "personId": {
    "$oid": "663617abbdeb9822f761d477"
  },
  "seats": 3,
  "price": 180,
  "rating": 5
},
{
  "_id": {
    "$oid": "66362f8cbdeb9822f761d56a"
  },
  "tourId": {
    "$oid": "66361f76bdeb9822f761d4a2"
  },
  "personId": {
    "$oid": "663617abbdeb9822f761d477"
  },
  "seats": 3,
  "price": 120,
  "rating": 4
},
{
  "_id": {
    "$oid": "66362f8cbdeb9822f761d56b"
  },
  "tourId": {
    "$oid": "66361f76bdeb9822f761d4a2"
  },
  "personId": {
    "$oid": "663617abbdeb9822f761d477"
  },
  "seats": 3,
  "price": 150,
  "rating": 5
},
{
  "_id": {
    "$oid": "66362f8cbdeb9822f761d56c"
  },
  "tourId": {
    "$oid": "66361f76bdeb9822f761d4a3"
  },
  "personId": {
    "$oid": "663617abbdeb9822f761d478"
  },
  "seats": 2,
  "price": 90,
  "rating": 4
},
{
  "_id": {
    "$oid": "66362f8cbdeb9822f761d56d"
  },
  "tourId": {
    "$oid": "66361f76bdeb9822f761d4a3"
  },
  "personId": {
    "$oid": "663617abbdeb9822f761d478"
  },
  "seats": 2,
  "price": 120,
  "rating": 5
},
{
  "_id": {
    "$oid": "66362f8cbdeb9822f761d56e"
  },
  "tourId": {
    "$oid": "66361f76bdeb9822f761d4a3"
  },
  "personId": {
    "$oid": "663617abbdeb9822f761d478"
  },
  "seats": 2,
  "price": 150,
  "rating": 4
}]