[{
  "_id": {
    "$oid": "60994c4f65c84c4bf432fc1b"
  },
  "companyId": {
    "$oid": "60994c3d65c84c4bf432fc1a"
  },
  "name": "City Bike Tour",
  "date": {
    "$date": "2024-05-10T09:00:00.000Z"
  },
  "duration": 3
},
{
  "_id": {
    "$oid": "663236e62b9d0a4a55d315ec"
  },
  "companyId": {
    "$oid": "663236e62b9d0a4a55d315eb"
  },
  "name": "Tour 2",
  "date": {
    "$date": "2024-05-08T12:34:46.812Z"
  },
  "duration": 3
},
{
  "_id": {
    "$oid": "663236e62b9d0a4a55d315f0"
  },
  "companyId": {
    "$oid": "663236e62b9d0a4a55d315ef"
  },
  "name": "Tour 3",
  "date": {
    "$date": "2024-05-08T12:34:46.836Z"
  },
  "duration": 3
},
{
  "_id": {
    "$oid": "663236e62b9d0a4a55d315f4"
  },
  "companyId": {
    "$oid": "663236e62b9d0a4a55d315f3"
  },
  "name": "Tour 4",
  "date": {
    "$date": "2024-05-08T12:34:46.857Z"
  },
  "duration": 3
},
{
  "_id": {
    "$oid": "663236e62b9d0a4a55d315f8"
  },
  "companyId": {
    "$oid": "663236e62b9d0a4a55d315f7"
  },
  "name": "Tour 5",
  "date": {
    "$date": "2024-05-08T12:34:46.875Z"
  },
  "duration": 3
},
{
  "_id": {
    "$oid": "663236e62b9d0a4a55d315fc"
  },
  "companyId": {
    "$oid": "663236e62b9d0a4a55d315fb"
  },
  "name": "Tour 6",
  "date": {
    "$date": "2024-05-08T12:34:46.895Z"
  },
  "duration": 3
},
{
  "_id": {
    "$oid": "663236e62b9d0a4a55d31600"
  },
  "companyId": {
    "$oid": "663236e62b9d0a4a55d315ff"
  },
  "name": "Tour 7",
  "date": {
    "$date": "2024-05-08T12:34:46.914Z"
  },
  "duration": 3
},
{
  "_id": {
    "$oid": "663236e62b9d0a4a55d31604"
  },
  "companyId": {
    "$oid": "663236e62b9d0a4a55d31603"
  },
  "name": "Tour 8",
  "date": {
    "$date": "2024-05-08T12:34:46.931Z"
  },
  "duration": 3
},
{
  "_id": {
    "$oid": "663236e62b9d0a4a55d31608"
  },
  "companyId": {
    "$oid": "663236e62b9d0a4a55d31607"
  },
  "name": "Tour 9",
  "date": {
    "$date": "2024-05-08T12:34:46.948Z"
  },
  "duration": 3
},
{
  "_id": {
    "$oid": "663236e62b9d0a4a55d3160c"
  },
  "companyId": {
    "$oid": "663236e62b9d0a4a55d3160b"
  },
  "name": "Tour 10",
  "date": {
    "$date": "2024-05-08T12:34:46.965Z"
  },
  "duration": 3
},
{
  "_id": {
    "$oid": "663236e62b9d0a4a55d31610"
  },
  "companyId": {
    "$oid": "663236e62b9d0a4a55d3160f"
  },
  "name": "Tour 11",
  "date": {
    "$date": "2024-05-08T12:34:46.983Z"
  },
  "duration": 3
},
{
  "_id": {
    "$oid": "663236e72b9d0a4a55d31614"
  },
  "companyId": {
    "$oid": "663236e72b9d0a4a55d31613"
  },
  "name": "Tour 12",
  "date": {
    "$date": "2024-05-08T12:34:47.003Z"
  },
  "duration": 3
},
{
  "_id": {
    "$oid": "663236e72b9d0a4a55d31618"
  },
  "companyId": {
    "$oid": "663236e72b9d0a4a55d31617"
  },
  "name": "Tour 13",
  "date": {
    "$date": "2024-05-08T12:34:47.022Z"
  },
  "duration": 3
},
{
  "_id": {
    "$oid": "663236e72b9d0a4a55d3161c"
  },
  "companyId": {
    "$oid": "663236e72b9d0a4a55d3161b"
  },
  "name": "Tour 14",
  "date": {
    "$date": "2024-05-08T12:34:47.039Z"
  },
  "duration": 3
},
{
  "_id": {
    "$oid": "663236e72b9d0a4a55d31620"
  },
  "companyId": {
    "$oid": "663236e72b9d0a4a55d3161f"
  },
  "name": "Tour 15",
  "date": {
    "$date": "2024-05-08T12:34:47.056Z"
  },
  "duration": 3
},
{
  "_id": {
    "$oid": "663236e72b9d0a4a55d31624"
  },
  "companyId": {
    "$oid": "663236e72b9d0a4a55d31623"
  },
  "name": "Tour 16",
  "date": {
    "$date": "2024-05-08T12:34:47.073Z"
  },
  "duration": 3
},
{
  "_id": {
    "$oid": "663236e72b9d0a4a55d31628"
  },
  "companyId": {
    "$oid": "663236e72b9d0a4a55d31627"
  },
  "name": "Tour 17",
  "date": {
    "$date": "2024-05-08T12:34:47.094Z"
  },
  "duration": 3
},
{
  "_id": {
    "$oid": "663236e72b9d0a4a55d3162c"
  },
  "companyId": {
    "$oid": "663236e72b9d0a4a55d3162b"
  },
  "name": "Tour 18",
  "date": {
    "$date": "2024-05-08T12:34:47.109Z"
  },
  "duration": 3
},
{
  "_id": {
    "$oid": "663236e72b9d0a4a55d31630"
  },
  "companyId": {
    "$oid": "663236e72b9d0a4a55d3162f"
  },
  "name": "Tour 19",
  "date": {
    "$date": "2024-05-08T12:34:47.126Z"
  },
  "duration": 3
},
{
  "_id": {
    "$oid": "663236e72b9d0a4a55d31634"
  },
  "companyId": {
    "$oid": "663236e72b9d0a4a55d31633"
  },
  "name": "Tour 20",
  "date": {
    "$date": "2024-05-08T12:34:47.145Z"
  },
  "duration": 3
},
{
  "_id": {
    "$oid": "66361f76bdeb9822f761d494"
  },
  "companyId": {
    "$oid": "6636170cbdeb9822f761d468"
  },
  "name": "Coastal Kayaking Adventure",
  "date": {
    "$date": "2025-06-15T11:00:00.000Z"
  },
  "duration": 3
},
{
  "_id": {
    "$oid": "66361f76bdeb9822f761d495"
  },
  "companyId": {
    "$oid": "6636170cbdeb9822f761d468"
  },
  "name": "Mount Hood Hiking Expedition",
  "date": {
    "$date": "2025-07-05T09:00:00.000Z"
  },
  "duration": 5
},
{
  "_id": {
    "$oid": "66361f76bdeb9822f761d496"
  },
  "companyId": {
    "$oid": "6636170cbdeb9822f761d468"
  },
  "name": "Columbia River Gorge Tour",
  "date": {
    "$date": "2025-08-25T10:00:00.000Z"
  },
  "duration": 4
},
{
  "_id": {
    "$oid": "66361f76bdeb9822f761d497"
  },
  "companyId": {
    "$oid": "6636170cbdeb9822f761d469"
  },
  "name": "CN Tower Observatory",
  "date": {
    "$date": "2025-09-15T09:00:00.000Z"
  },
  "duration": 2
},
{
  "_id": {
    "$oid": "66361f76bdeb9822f761d498"
  },
  "companyId": {
    "$oid": "6636170cbdeb9822f761d469"
  },
  "name": "Toronto Islands Cruise",
  "date": {
    "$date": "2025-10-08T11:00:00.000Z"
  },
  "duration": 3
},
{
  "_id": {
    "$oid": "66361f76bdeb9822f761d499"
  },
  "companyId": {
    "$oid": "6636170cbdeb9822f761d469"
  },
  "name": "Distillery District Walking Tour",
  "date": {
    "$date": "2025-11-20T13:00:00.000Z"
  },
  "duration": 2
},
{
  "_id": {
    "$oid": "66361f76bdeb9822f761d49a"
  },
  "companyId": {
    "$oid": "6636170cbdeb9822f761d46a"
  },
  "name": "Freedom Trail Walking Tour",
  "date": {
    "$date": "2025-12-10T10:00:00.000Z"
  },
  "duration": 3
},
{
  "_id": {
    "$oid": "66361f76bdeb9822f761d49b"
  },
  "companyId": {
    "$oid": "6636170cbdeb9822f761d46a"
  },
  "name": "Boston Harbor Cruise",
  "date": {
    "$date": "2026-01-02T11:00:00.000Z"
  },
  "duration": 2
},
{
  "_id": {
    "$oid": "66361f76bdeb9822f761d49c"
  },
  "companyId": {
    "$oid": "6636170cbdeb9822f761d46a"
  },
  "name": "Paul Revere's House Tour",
  "date": {
    "$date": "2026-02-15T10:00:00.000Z"
  },
  "duration": 3
},
{
  "_id": {
    "$oid": "66361f76bdeb9822f761d49d"
  },
  "companyId": {
    "$oid": "6636170cbdeb9822f761d46b"
  },
  "name": "Hot Air Balloon Ride",
  "date": {
    "$date": "2026-03-20T09:00:00.000Z"
  },
  "duration": 4
},
{
  "_id": {
    "$oid": "66361f76bdeb9822f761d49e"
  },
  "companyId": {
    "$oid": "6636170cbdeb9822f761d46b"
  },
  "name": "Rock Climbing Adventure",
  "date": {
    "$date": "2026-04-10T08:00:00.000Z"
  },
  "duration": 5
},
{
  "_id": {
    "$oid": "66361f76bdeb9822f761d49f"
  },
  "companyId": {
    "$oid": "6636170cbdeb9822f761d46b"
  },
  "name": "ATV Tour",
  "date": {
    "$date": "2026-05-25T10:00:00.000Z"
  },
  "duration": 3
},
{
  "_id": {
    "$oid": "66361f76bdeb9822f761d4a0"
  },
  "companyId": {
    "$oid": "6636170cbdeb9822f761d46c"
  },
  "name": "Banff National Park Tour",
  "date": {
    "$date": "2026-06-15T11:00:00.000Z"
  },
  "duration": 4
},
{
  "_id": {
    "$oid": "66361f76bdeb9822f761d4a1"
  },
  "companyId": {
    "$oid": "6636170cbdeb9822f761d46c"
  },
  "name": "Icefield Helicopter Tour",
  "date": {
    "$date": "2026-07-05T09:00:00.000Z"
  },
  "duration": 5
},
{
  "_id": {
    "$oid": "66361f76bdeb9822f761d4a2"
  },
  "companyId": {
    "$oid": "6636170cbdeb9822f761d46c"
  },
  "name": "Grizzly Bear Safari",
  "date": {
    "$date": "2026-08-20T10:00:00.000Z"
  },
  "duration": 6
},
{
  "_id": {
    "$oid": "66361f76bdeb9822f761d4a3"
  },
  "companyId": {
    "$oid": "6636170cbdeb9822f761d46d"
  },
  "name": "Bay of Islands Cruise",
  "date": {
    "$date": "2026-09-10T11:00:00.000Z"
  },
  "duration": 3
},
{
  "_id": {
    "$oid": "66361f76bdeb9822f761d4a4"
  },
  "companyId": {
    "$oid": "6636170cbdeb9822f761d46d"
  },
  "name": "Waitomo Glowworm Caves Tour",
  "date": {
    "$date": "2026-10-05T10:00:00.000Z"
  },
  "duration": 2
},
{
  "_id": {
    "$oid": "66361f76bdeb9822f761d4a5"
  },
  "companyId": {
    "$oid": "6636170cbdeb9822f761d46d"
  },
  "name": "Hobbiton Evening Banquet Tour",
  "date": {
    "$date": "2026-11-15T13:00:00.000Z"
  },
  "duration": 3
},
{
  "_id": {
    "$oid": "66361f76bdeb9822f761d4a6"
  },
  "companyId": {
    "$oid": "6636170cbdeb9822f761d469"
  },
  "name": "Niagara Falls Tour",
  "date": {
    "$date": "2026-12-10T10:00:00.000Z"
  },
  "duration": 4
},
{
  "_id": {
    "$oid": "66361f76bdeb9822f761d4a7"
  },
  "companyId": {
    "$oid": "6636170cbdeb9822f761d469"
  },
  "name": "Royal Ontario Museum Tour",
  "date": {
    "$date": "2027-01-05T11:00:00.000Z"
  },
  "duration": 3
},
{
  "_id": {
    "$oid": "66361f76bdeb9822f761d4a8"
  },
  "companyId": {
    "$oid": "6636170cbdeb9822f761d469"
  },
  "name": "Toronto Zoo Safari",
  "date": {
    "$date": "2027-02-20T13:00:00.000Z"
  },
  "duration": 4
},
{
  "_id": {
    "$oid": "66361f76bdeb9822f761d4a9"
  },
  "companyId": {
    "$oid": "6636170cbdeb9822f761d468"
  },
  "name": "Portland Food Truck Tour",
  "date": {
    "$date": "2027-03-20T09:00:00.000Z"
  },
  "duration": 3
},
{
  "_id": {
    "$oid": "66361f76bdeb9822f761d4aa"
  },
  "companyId": {
    "$oid": "6636170cbdeb9822f761d468"
  },
  "name": "Oregon Coast Tour",
  "date": {
    "$date": "2027-04-10T08:00:00.000Z"
  },
  "duration": 4
},
{
  "_id": {
    "$oid": "66361f76bdeb9822f761d4ab"
  },
  "companyId": {
    "$oid": "6636170cbdeb9822f761d468"
  },
  "name": "Mount St. Helens Volcano Tour",
  "date": {
    "$date": "2027-05-25T10:00:00.000Z"
  },
  "duration": 5
}]